time,collision
3,"([458.6666666666667, 658.6666666666666, 129.33333333333334], [349.5537985160413, 549.5537985160413, 106.51793283868044])"
